{
  "name": "test-ielts",
  "private": true,
  "version": "0.0.0",
  "type": "module",
  "scripts": {
    "dev": "vite",
    "build": "tsc -b && vite build",
    "lint": "eslint .",
    "preview": "vite preview",
    "test:e2e": "playwright test",
    "test:e2e:ui": "playwright test --ui",
    "test:e2e:debug": "playwright test --debug"
  },
  "dependencies": {
    "clsx": "^2.1.1",
    "lucide-react": "^0.469.0",
    "react": "^19.1.0",
    "react-dom": "^19.1.0",
    "tailwind-merge": "^2.6.0",
    "zustand": "^5.0.3"
  },
  "devDependencies": {
    "@eslint/js": "^9.30.1",
    "@tailwindcss/forms": "^0.5.10",
    "@tailwindcss/typography": "^0.5.15",
    "@types/react": "^19.1.8",
    "@types/react-dom": "^19.1.6",
    "@vitejs/plugin-react": "^4.6.0",
    "autoprefixer": "^10.4.20",
    "eslint": "^9.30.1",
    "eslint-plugin-react-hooks": "^5.2.0",
    "eslint-plugin-react-refresh": "^0.4.20",
    "globals": "^16.3.0",
    "postcss": "^8.4.49",
    "rollup-plugin-visualizer": "^5.14.0",
    "tailwindcss": "^3.4.17",
    "terser": "^5.39.0",
    "typescript": "~5.8.3",
    "typescript-eslint": "^8.35.1",
    "vite": "^7.0.4",
    "vite-plugin-compression": "^0.5.1"
  }
}